x,y,label
-0.378142338718911,0.9407497921282493,0
0.9335661363297107,0.1538050084286805,0
2.048308857355257,0.49817159499878716,1
0.9478907713023955,0.16247260467490449,0
2.0007386621020546,0.18370021433575562,1
1.0817826180882075,-0.52175247060997,1
-1.0572749204232537,0.0890544832339378,0
0.7971804910994772,0.6467506390755454,0
0.42117322137266977,0.8171455340098115,0
1.9805557028468341,0.21499919338629103,1
1.7986538805080332,-0.030318865853854713,1
1.532820175698018,-0.3055295196540244,1
1.7586743895947898,-0.1377546118158835,1
0.5991731810777066,0.6484505481556126,0
-0.9935075984373624,0.19584461954869092,0
-1.000748987167758,0.2823407106863212,0
1.6707471757848036,-0.2504826788439058,1
1.9828886001760568,0.13075820607073538,1
0.011976324739331495,1.0623324117347233,0
0.5226635523741304,-0.41720764134024424,1
0.7482022544065046,0.6814275205837274,0
-0.8961744370200787,0.3710785513604497,0
0.9267475684908075,0.33262527661273805,0
-0.24951877801054673,0.958151002835491,0
0.9606529981316658,-0.44856926395105334,1
0.05095527214479911,0.09620761856470868,1
1.0659545927087581,-0.5515796593023854,1
-0.5793566284790768,0.8336551206776761,0
0.2379808501058489,-0.10455181118979553,1
1.610750155417978,-0.314494069311502,1
1.8774856813155991,0.16819722893799008,1
0.27302936497501623,0.989849408111987,0
1.0213398551464916,-0.46768337034616714,1
0.23375624495607206,-0.06797538425891425,1
0.9771099179725378,-0.5561233100080835,1
1.9281283628278487,0.04752730503906413,1
-0.3841513833430052,0.9953853477509412,0
-0.7842723463079931,0.6705406648685239,0
-0.30287348922337753,0.8944960928768266,0
0.2932881536173476,0.8885508190225722,0
1.2805189782482895,-0.3900620991535072,1
1.9622033982381235,-0.02102381887974082,1
2.0323567230689075,0.535571915082387,1
-0.9570900707267436,0.3405668075796547,0
0.44096091070767846,0.8892896571046566,0
-0.5582428151956995,0.8610196616059671,0
0.8268904617254856,-0.48659088844276055,1
-0.9834674533670901,0.17068488242283897,0
0.0880490348423168,-0.031296237567470506,1
1.3667742596772077,-0.43718897004917673,1
0.06167001667114122,0.394156418129523,1
1.2052346303106831,-0.49842057401001044,1
-0.8630166186876913,0.6870150797870773,0
1.7467953700636012,-0.01892354304556433,1
-0.5666489008473804,0.859516194899832,0
1.6812227621550426,-0.25794336483634556,1
-1.0280702911118442,0.1129648620355064,0
-0.5095514869521821,0.8509975413802302,0
1.9549126060865472,0.5369850827727037,1
0.8848754748482319,-0.5145188062873733,1
-0.36664162733975514,0.9423323384799664,0
0.9717816591803246,0.3028831638255403,0
0.6723548512147924,-0.5129497726128063,1
0.5554240245301321,0.8178709844511601,0
0.20593443942316358,-0.1821207186751595,1
0.21036314866323633,-0.15772412921375545,1
-0.45869974058260066,0.7343300096571064,0
1.418417372960262,-0.42675976294162704,1
-0.31045061576776734,0.927598334123402,0
0.8791583794251809,-0.4886786834306086,1
0.9233850630846105,0.012862406804073703,0
-0.41380354733721114,0.9218046477727023,0
-0.04236428284337854,0.24461368613771373,1
0.7570520877799096,-0.42661717633915397,1
0.8693559483950454,0.5035963538429788,0
-0.7378808927132887,0.7583661471063751,0
0.13837369444105913,-0.12500676112860631,1
0.7004370377009173,0.8272792187130191,0
0.8066483064292193,0.566525405052898,0
1.8702371311495802,0.027966368622319326,1
1.9398855632578207,0.28855880406797674,1
-0.1421702677655051,0.9559791876014845,0
-0.42731264616265396,0.9693454764084128,0
-0.5258919767354493,0.9343865941984297,0
0.06198477861501894,0.13437349629391399,1
0.5810075652338975,0.8270270168172444,0
1.8767646190733849,0.2276148523574302,1
-0.40852637941414915,0.8542221025490165,0
-0.798804204485853,0.6949757005082808,0
0.06836989865089971,0.9197688097075932,0
-0.7277984445176605,0.6412233004883771,0
-0.8074617531289031,0.6768647576754275,0
0.42189218841618004,0.7876853700900482,0
0.9770728835963984,0.16656417415663774,0
1.348959153572423,-0.42924138867970263,1
1.6821502256785281,-0.3721951627707979,1
-0.8576617114132933,0.3132928646407749,0
0.609822228477896,0.8321268968864601,0
1.0099094937881472,0.15386750092571067,0
0.2854460707947119,-0.1342730392136209,1
0.9134606912315335,-0.4602506601462614,1
1.8526922672840143,-0.1317107909005049,1
0.9017169510797846,0.5094929099486648,0
0.32570662057831784,-0.19939164789077457,1
0.7870405707162278,-0.5833380584786252,1
0.06712817736983112,0.04968963975567542,1
0.13474586705475441,1.0864094062623464,0
-0.19140633528707002,0.9819202354274722,0
-0.8397581474993482,0.597076470328884,0
0.8341092086371645,-0.44700313262881053,1
0.7092482961378361,0.7558412273780196,0
0.9616660566661492,0.07052918472162316,0
0.9969334739892056,0.17156751346837126,0
0.8910396194171897,0.2710708920491451,0
1.5684608382357514,-0.2781853344404742,1
0.13058200880454196,-0.0940745142845156,1
0.9360982450515902,0.09683992078021958,0
1.5568880282990953,-0.2584861568760269,1
-0.003676139127999023,0.3597937938643292,1
-0.6509039025701561,0.7358396470198528,0
0.919053444160248,0.22785205974252587,0
-0.8976391960997244,0.2966473801654052,0
-0.4046349483115994,0.9490501058136963,0
-0.5282251798061781,0.8208577706462203,0
-0.510686960237162,0.838758988667379,0
0.41072539561572025,-0.2829694810866173,1
-0.2529139392402388,1.034339102348155,0
-0.09974766911227634,0.9466079280933161,0
1.8350824298244073,0.09084110887192394,1
0.2939478902964618,-0.21518606486491693,1
0.11022183269877524,0.485995525874576,1
0.17436766314645677,-0.08659754085071214,1
0.6251490302171149,0.7505137778778564,0
1.5695740502664688,-0.31893569675311273,1
-1.005495459369201,0.24589628906704894,0
0.2416505291792476,1.0107224415776361,0
0.7977228485101951,0.6222481431311269,0
0.3500090366719843,0.9886640527577426,0
0.7630783339963703,-0.42122373632217724,1
-0.9122661708056689,0.5327946423507104,0
0.2132602016249694,0.9535718729115905,0
-0.8919943413599475,0.46130984024133714,0
0.08138345465774673,-0.026339145208552177,1
0.034586649083462415,0.2451620208964453,1
0.7440605360775463,0.7376109065442317,0
-0.10127973322405379,0.981765735667893,0
-0.7569214441117215,0.7827287540167628,0
0.17945151248270375,0.9931621279071784,0
1.9299408041385933,0.32556966431974815,1
0.97467317978655,0.03837653023395479,0
0.2607865228660867,1.015661100186124,0
1.2095902564933438,-0.5335515836973208,1
0.9927861245150436,0.15881188075460995,0
0.24379051362406695,-0.12747221866864125,1
0.06716574078098772,0.3863903280279748,1
0.2701223147335578,-0.2944037447765801,1
2.021881920930224,0.3131675601892543,1
0.05675431544641125,0.9535443564526703,0
0.295312891924594,-0.25693240854622934,1
-0.9313890789656113,0.2889071552502626,0
1.5231524548381732,-0.3357722010462958,1
-0.9544408857378578,0.2868276222594605,0
0.6405454876874336,0.8267821875852308,0
1.2260788424634543,-0.411571721344059,1
1.8693203995870662,0.04729402488559924,1
0.19287750623558594,-0.16007901792760543,1
0.7870863615724535,-0.43475659204927697,1
1.9642568127533364,0.20693119104804358,1
0.28005006305329544,0.9758724524110002,0
1.0042452424920107,0.08628509660297318,0
-0.21673707687060273,0.9280876979736946,0
0.06793331190901397,0.27816900049748106,1
1.9022998746168052,0.2873292761749349,1
0.6458790277833153,0.7382355221560304,0
0.42594588428511393,-0.3980092832830168,1
-0.267253579226413,0.968875200219763,0
0.6930864755421544,0.4628637558048073,0
-0.6530606558505506,0.7963675375465663,0
1.895485989362554,0.0593281237221947,1
-0.9075811260823023,0.4852268659510464,0
0.2583145661748978,0.873209992851394,0
0.597763693664948,0.728707686257637,0
-0.9479262955459881,0.1936034380846704,0
1.0729948893885717,-0.023147400447922094,0
-0.9248945548386321,0.48570577996029807,0
0.9721778863119201,0.31848862970444997,0
-0.9110275936764671,0.2230628495893597,0
0.9931869682412806,0.391930467639959,0
-0.20973351803373327,0.9361390356557998,0
0.9276071871486169,0.6089644186612856,0
0.22117062184264638,0.9191749216967554,0
1.291871851859135,-0.4673952275685746,1
0.6889593134517307,-0.5170564878481637,1
-0.3457373136270757,0.9552466216840305,0
1.8083092403913885,-0.11077798562745328,1
0.5706240367297282,0.8154113272274472,0
1.001049979002842,-0.4559735842284605,1
0.9366920943978146,0.2715586770207815,0
0.40345962593038487,0.8023064304695395,0
0.24835348627165865,0.9910007073383428,0
-0.14064166065482497,1.0422899006031792,0
0.9571082767805185,0.11629495571059469,0
0.23497357517153347,-0.0768778023107607,1
0.8972153486131921,0.3938952988603131,0
0.47644888226684495,-0.40789337370184087,1
0.7394424343942517,0.6532857327509022,0
0.783713616209248,0.4882817607878315,0
-0.28613486222203033,0.9505345218352163,0
-0.862622528232786,0.5768335058469114,0
0.39387803394307963,-0.2730372922844728,1
2.027370631333375,0.5110722405332995,1
-0.7038448004067359,0.6948956761061161,0
1.0606726053909448,0.04122979735149946,0
2.002180752223364,0.44466012156387874,1
1.2006525421905785,-0.5081353460184015,1
-0.3859590854729126,0.9521072785626552,0
1.491498081476437,-0.3744060581757297,1
0.07182911617920923,0.0777918734471684,1
-0.8009979742775885,0.6135865492853196,0
0.9064657822549816,-0.4861246478763729,1
0.2702844360038952,-0.09214566128360034,1
0.9113254996187701,0.6123838344220373,0
-1.0243005889636034,0.10951113550153435,0
-0.9768624912291715,0.31346536165875316,0
-0.6164392933314795,0.6956466085721353,0
-0.15667952303411825,0.9315373284686521,0
2.007510198639156,0.3914310902475492,1
1.1675513054342939,-0.5267847220256265,1
-0.16606891182701627,0.9727029570297433,0
0.8891117439379133,0.40734913503315584,0
-1.0674687177543805,0.11650309279139354,0
1.8213426784895077,-0.15878094154139646,1
1.9147001006419841,0.07732915456760303,1
-0.9448775944467613,0.21630848097945515,0
-0.8041356796876455,0.6753552354926134,0
-0.009028437135808101,0.21276212968791833,1
1.0540394439757523,-0.5457259766898928,1
1.9939445014648205,0.4187858370105043,1
0.539638806508937,0.846765883592747,0
1.032402275235218,-0.5624434544624158,1
0.42877250135223277,-0.29650128066639764,1
0.9795051449906277,0.19211873655118444,0
0.4437717836477832,-0.4005654100996762,1
1.7943320393841058,0.02128569343868884,1
0.8849237275648172,0.19416851866473153,0
1.1775551964353856,-0.4769567775717612,1
1.68112857253793,-0.16146092193912467,1
-0.6018428667479191,0.8030831780803164,0
0.6822180634277286,-0.4711119994202588,1
0.4032882730384319,0.8872525916713259,0
1.8477912312958822,0.27943414547584283,1
-0.7667248886617526,0.5430310389122607,0
0.5750761717280145,0.6954372473851158,0
0.5409835585755275,-0.35296257486201005,1
0.33881892753886006,-0.3326815688350717,1
1.5813757186549606,-0.39901574920942484,1
0.6526582631203577,0.7348309204202094,0
1.9553030854403466,0.17099478960363296,1
-0.9159960908762603,0.057701453427774704,0
0.6202944509057525,-0.49673098250561293,1
-0.3509152834216749,0.8668582519913183,0
-1.0480068131191689,0.38498178434117847,0
0.18823470678580853,-0.008351523339691032,1
0.25981399463132787,0.9980158291790833,0
1.3723043786683962,-0.3631301953453941,1
-0.8027326444634721,0.6095531416843297,0
1.7698487808786878,-0.17193562492661096,1
0.4032011461179218,-0.2807087943614944,1
0.12600335858861775,0.9282178455307853,0
1.163795418994795,-0.5418707214017948,1
1.9821286404066751,0.10668504039522156,1
2.095061438177974,0.46305681369769014,1
1.9027517792878297,0.2856159056919032,1
2.067628426999857,0.1763788937380159,1
0.4700294633170996,-0.40672281305844193,1
-0.677344893129314,0.785667619796439,0
1.043133287491227,-0.5242653239553569,1
0.7178226277672781,0.6505870917491762,0
0.28522925785056796,1.0116259719410765,0
1.9254001785564492,0.04131463635089962,1
1.8376764032693744,-0.005622321492966015,1
1.9476307751432527,0.27625115579677373,1
1.8397399507757457,-0.025220615157052914,1
0.5360100135305901,-0.35076509467800643,1
0.5797426981647982,-0.4685051266921733,1
-0.8364549393120881,0.29519883526282864,0
0.5123748819584877,-0.40028842363657086,1
-0.6582522118499557,0.7802763067169735,0
1.0152360891083392,-0.49892779442008794,1
0.09972259605825548,1.0035409196531342,0
1.4937370512733767,-0.29322925532032823,1
-0.9979583458031858,-0.037665908731432746,0
0.9566488649356504,0.21185010948593688,0
-0.7441127074202813,0.691924624071984,0
0.9475215901768425,-0.5748531747082907,1
0.6363159994427084,0.8484199760438377,0
0.3297552674502038,-0.23069799550075584,1
0.5149338237145905,-0.35322038216902996,1
1.9583422714825551,0.395028991957028,1
-0.20624890610653185,0.8771684796548579,0
-0.8343938196293157,0.5410798159801604,0
-0.8955602173442875,0.4347182115572265,0
0.22621225333948616,0.9523358252778344,0
0.7989373874512573,0.5386933681423827,0
-0.9103805635819228,0.46546749112722197,0
-0.4075023593330669,0.8529064603553361,0
1.0214956310666516,0.1907577254146828,0
0.8275035118290768,-0.45451240568711687,1
0.8157069180531342,-0.5381316504480569,1
0.034232737973947935,0.9595518691623053,0
0.006151155371209912,0.30933456348119015,1
-0.39977555369746676,0.9788248269452109,0
0.1605286854752742,0.04928541686963971,1
-0.9686645026060782,0.2552609145372428,0
-0.16215870725192852,0.98730027828725,0
1.2291945943357678,-0.4857265339496617,1
0.28992672235552747,-0.17467748391108764,1
1.2940994260691767,-0.3760004185912901,1
1.0324660685692946,0.2898032322278807,0
0.6226450431132926,0.871931657425691,0
0.2445564097573107,1.0381432677544338,0
0.07014426493537952,0.1467759732126026,1
1.1700494790695741,-0.47305674385589713,1
2.0478911946049316,0.39509278739562104,1
0.9869100465402423,0.27142993413930083,0
0.17309736782195811,-0.20564377308956472,1
-0.7012342724479703,0.7059818079522975,0
-0.6287991299602455,0.8249525871805807,0
0.7537620027199895,-0.4710152235321797,1
0.83493485118836,-0.48363248572432727,1
-0.039923913857292055,1.0112848131237215,0
0.00140246666415908,0.198474048587007,1
1.4136892481208023,-0.40232326304618055,1
0.8867684472595088,0.15728193178062183,0
0.4013915823079096,0.9476055678237021,0
0.41870741023311886,-0.24696845433188674,1
1.9669623230467197,0.18465861778054857,1
0.9154684966953281,0.5065906990451183,0
1.8638646691543286,-0.029052044949178603,1
0.8667768781197472,-0.42336032748895513,1
-0.2360223908024652,0.9410447911207471,0
0.9051366604658158,0.4897889150838479,0
0.6872909839351904,0.8493426577657363,0
0.7859539714782716,-0.3397318467233506,1
1.8334128032861035,-0.12396307918702029,1
0.7640003339863264,-0.4850631712401849,1
0.6637192174593152,-0.45405991245142907,1
1.709024954153592,-0.04634285644460114,1
-0.7374302648155915,0.7149808229801993,0
1.8330963979289363,-0.11395536024674115,1
0.006126571685858517,0.21538982167065057,1
1.5726661283566843,-0.4490970775626364,1
-0.6160493608979019,0.8060235714072544,0
0.20376419995166845,0.9365993316594372,0
1.8714195840119912,0.01262708381737835,1
1.5752016078690063,-0.3734923770613332,1
1.4980462342026954,-0.4489363916260611,1
1.906310785266661,0.14492546433188722,1
-0.44230977136886135,0.8925989576103089,0
0.1523832720537634,0.09081414938885099,1
-0.6678482640929786,0.7090082855061908,0
0.9295456946918798,0.12378772269671712,0
1.6762733464370465,-0.18938630598923079,1
-0.44379154702750445,0.8425327158335536,0
0.9556385530303929,0.4164028875585116,0
0.1857151004805092,-0.06126959603260155,1
1.2819511515640807,-0.4063329383108105,1
1.5814281264392194,-0.24455104076305512,1
0.9379232914554874,0.22074346335648437,0
0.6577716081427702,-0.421231450561049,1
0.9258032386058389,0.3280941209468633,0
-0.4069137725922243,0.9001601972858331,0
1.7608035963236544,-0.10672976539497878,1
-0.9891727345928601,-0.06347815431971458,0
1.772066221407912,-0.06967036215108263,1
0.5553047617156494,0.8289958910783005,0
-0.9653948297697438,0.29931775284014234,0
-1.0122754968258039,0.13186301687983182,0
-0.7935164837000446,0.6100820594690545,0
0.7111884461366655,0.6976818073207599,0
0.7442957821634433,0.590566086626475,0
1.8287385550145763,-0.005842297647251533,1
0.2820464745294617,0.8599983716672867,0
0.9761712017339748,0.05541095892568189,0
-0.6243444611322125,0.8233629356103349,0
1.929019012584263,0.0803215832559574,1
-0.48566973740157016,0.8632127583498174,0
-0.8633935762283634,0.6400013608979128,0
1.0296658749817675,-0.5745197971399026,1
-0.06850397636362963,1.0534209422708958,0
0.17406686321741852,-0.018284918517363857,1
1.3877433826398609,-0.4178961167885318,1
1.8643535404326979,0.2521411265675174,1
0.015724191803566302,0.32875502429686815,1
0.8811904680738243,-0.5111313678676683,1
2.0386322448447514,0.20011113574303777,1
-0.7241183722441529,0.5380502100848243,0
1.6271389298123597,-0.17760054853442456,1
-0.9509877267466618,0.09660249469061494,0
0.40380751069146675,-0.33683044422319763,1
0.9266256678451107,-0.5044932751883447,1
-0.8195782534205149,0.5050115823073208,0
0.35798919511814686,-0.15855759503193467,1
0.8345655527394917,-0.4716738061092442,1
1.988508852320016,0.37989241209459057,1
0.6856042694132447,-0.5079038182724007,1
-0.846500743978556,0.5398635127396876,0
0.7436691229662604,-0.5662994167650715,1
0.15002137525767134,-0.14263875846880933,1
0.0709442517373999,0.526631767840328,1
-0.2832240545871129,0.9057263709063907,0
-0.5225596911891252,0.8339589253438479,0
0.4701831076585901,-0.3631864519150296,1
1.5501549237017125,-0.3965384439116437,1
-0.17029296663745178,1.0136935120967427,0
1.6901842446656516,-0.278291871903032,1
1.18036621201906,-0.41943487410908686,1
1.105968284219136,-0.5468414029323235,1
0.04617883302386781,0.16470842418676462,1
0.027427565641843593,0.40074003590995405,1
1.9640587494789337,0.2244266080010987,1
-1.0706409931648957,0.0686490966507911,0
-0.9913954385083497,0.23593959360763628,0
1.089971455163036,-0.513444826119535,1
0.13062510340108238,-0.017698636223715487,1
1.8088270992935571,-0.004978559972028507,1
-0.9177354288221249,0.4950229767939703,0
0.5215939177805475,0.865282109243,0
-0.9634222562726035,0.06071687504238618,0
-0.8669433872248921,0.34944628596333643,0
0.06371911339075341,0.2845493609636793,1
-0.19208260395161897,0.9897682963263977,0
0.16560943840002895,0.14736671616031127,1
0.5249474133527128,0.8686579954771122,0
-0.1689619558779288,0.9153439456535526,0
1.198375426966313,-0.5758829290103697,1
0.44920531289753707,0.8999012046565437,0
0.8791257808060482,-0.48111750744191517,1
1.7524832282196166,-0.14862709202834487,1
-0.41512312606347607,0.813621570450205,0
1.797335793473921,-0.011792370240953018,1
-0.18204882214372065,0.9887137313873846,0
1.3052039698143478,-0.49760820118490046,1
1.9327421443263253,0.31538056750556714,1
0.5849903186937875,-0.40716847680161933,1
1.7334307847700978,-0.09020184086202568,1
1.3390668864994273,-0.3986061131689599,1
1.6466230240385433,-0.27654965141105103,1
1.2174242388617051,-0.4570194485358457,1
0.25959149025478107,-0.32336535432470537,1
-0.5146953473793027,0.9109614806708981,0
0.6553188209302165,-0.4036155350697983,1
-0.6646175068592708,0.7236213375455014,0
-0.9163407936313054,0.4261181990262767,0
-0.8962554888397243,0.3944766186774172,0
0.6137760366473749,-0.4056950761455398,1
0.3408623173908185,-0.16819255432433036,1
2.0065750153236763,0.3164864646852833,1
-0.3285445359411195,1.035817207317406,0
0.7221785394598541,0.6928711743867579,0
0.5614240905427059,0.8515676324302296,0
1.698218421590479,-0.10766742002762271,1
1.7357474254013068,-0.1471994306552953,1
1.984389611338811,0.27084001611072284,1
0.7311327349320949,-0.5576914059483018,1
0.1453689779975123,0.012370650452991256,1
0.9211885664846748,0.24947991207295656,0
1.8232931826355416,-0.06635293410477244,1
1.694120715206525,-0.17154137061392538,1
-0.9812984857997873,0.3482260101002797,0
0.11135918903924187,0.09503771933902128,1
0.39616272097913635,-0.3174471978869998,1
-0.0537468522513066,0.505759391218138,1
-0.7167864521000561,0.6880407080576264,0
0.8963992752400723,0.3687122362055446,0
-0.3522915311659037,0.9157874485742854,0
1.268037234465346,-0.4621834733626052,1
0.7911159442500123,-0.5266272130201107,1
0.9523454510132403,0.18180367684309076,0
1.4866334992264003,-0.3788478702499919,1
0.5977717799568653,0.7233981408728998,0
1.9830825939815,0.3448649639873009,1
0.3822692303979485,0.9909494163669001,0
-0.9816836407819007,0.09924415207868104,0
-0.9906769230492322,0.22066126940440972,0
0.42576238929526694,0.883078916634009,0
0.19758242818066485,-0.2178871992516602,1
-0.6716203320434777,0.7509103983117653,0
-0.1248301765959952,1.0605474094005896,0
0.38577740208510974,0.8834174734044342,0
0.9677334139212209,-0.4423548576921354,1
-0.4640735036062578,0.9606820929595016,0
2.079296287138179,0.43609691204240336,1
0.984643886723295,-0.48811993240200324,1
-0.8615511828268188,0.47596098811982657,0
0.3839566069087049,0.9447814214110204,0
0.6452741147871156,-0.38600638369368734,1
0.14321763709461516,0.023212852632239007,1
-0.1115586554688401,1.0753091840647582,0
0.40230861943921103,0.9068472354677884,0
-0.13998307435238788,0.913644403340359,0
1.6659136747303676,-0.29793021210519854,1
0.17838636725850932,0.9204174222770516,0
-0.36612948472129214,0.9756491757000664,0
-0.018828901373819318,1.0427372533562753,0
-0.0005015636175600594,0.3977446122016601,1
0.14705702442025997,0.23863912945753368,1
-0.701017306865006,0.7217168176957152,0
0.28868044998794246,0.9452289957233138,0
1.091318592949145,-0.46981648378719576,1
0.6986600736921295,0.7198746449409078,0
0.05582626131645979,0.40902375699690957,1
0.408117661119636,-0.30149525208491623,1
1.0076075923669543,0.2875121285241443,0
-0.5282453661440015,0.8313529771074176,0
0.9432701821745386,0.037583060696469724,0
0.06704143522432454,0.015502515428596281,1
-0.48826668245649923,0.8702879218705246,0
1.2874976790169899,-0.4645753967706102,1
-0.9736211216217384,0.15152285206361096,0
1.791786179943049,-0.19648841414840165,1
0.9511889681344736,0.17585648405596574,0
0.640063676864972,-0.39077280344814214,1
1.910211303037756,0.1449336445959848,1
-0.13787049559794204,0.988797121940218,0
-0.6246367350139117,0.7474742280654432,0
0.6862496263504346,0.7805688165964257,0
0.22049877499925907,0.9706134899772523,0
-0.4431901561173856,0.9156368938397321,0
-0.010470386191563645,0.2598730081284451,1
1.5899251835174688,-0.2556651982461189,1
-0.6254280927914779,0.8205879558661967,0
1.9969224455126775,0.28843635556598274,1
-0.2644883449457473,0.999280052343164,0
-0.8434189426804994,0.49348798744915956,0
0.6117807701536216,-0.4408932640150099,1
-0.8602379372267106,0.5569914385260397,0
-0.6353427131906274,0.7036580899396463,0
-0.0480794832994652,0.5666116371239655,1
-0.39041341191518775,0.8643484469307433,0
1.3740715325750428,-0.45022183827457746,1
0.8449423599917353,0.4581503188819855,0
1.0411126660550047,0.06295389960824954,0
0.7517893088535893,-0.48883867087260885,1
1.842001619685127,0.18410357327762722,1
-0.4291099044606625,0.9424897424236847,0
-0.779343700659548,0.6634921500686041,0
0.5943408425969774,-0.46644390341138303,1
0.13696579413400928,0.1547926883715021,1
1.4502274110204059,-0.3056543332139268,1
0.9603060710655896,0.38788029397393986,0
0.9148161446301005,0.2536486325578138,0
0.9786326356895193,-0.48685205807221504,1
0.39556552582916815,-0.25350852817495234,1
-0.06566856512228565,0.9512997335640747,0
0.7576778342121765,0.5486037876759007,0
0.49303725970276746,-0.42519957560498256,1
1.8167590586846776,-0.12149829796999193,1
0.08641687962437046,1.0122942941319426,0
0.686254245741554,0.8165517031008763,0
1.2189509483735015,-0.37588784754306737,1
-0.02381486821929022,1.055770422305416,0
0.9749386056263534,0.5260219564510644,0
-1.040628908710161,0.4366689557313982,0
0.5171957533269894,0.8254663479203211,0
0.49769178967653416,-0.22395915566202862,1
0.21989710258386963,0.8852834701330052,0
0.5360697864792551,-0.3694292438140637,1
-0.13246120269803985,1.0525623707054712,0
-0.007966505974003182,1.0658666242264927,0
0.4086112999710706,0.8911267581145481,0
0.11021099069623728,1.0068664656908046,0
1.1832432472393932,-0.46417375313472703,1
0.6640300644457083,-0.40616919276190494,1
1.891842252882073,0.08148202186017779,1
-1.045434100720476,0.02361491654399471,0
1.9787018220587873,0.1483098371940336,1
1.0325615626564564,0.01679648794079184,0
0.9157936067054362,0.20738033858809385,0
1.9419221673959057,0.17113500753523586,1
1.3966628288376104,-0.497378826431883,1
0.13780763368353094,0.11857310262285639,1
0.08566202634799835,0.8897387778833088,0
-0.0046222858394447605,0.4755265494200948,1
2.0397546442672017,0.3690404046768587,1
1.8239060217705012,-0.04157405906127984,1
-1.0603782865255333,-0.012356221365188297,0
-0.8800766948852502,0.41906108532949643,0
0.9306811288600492,0.3776079043638366,0
1.3751022595910734,-0.44612019937666303,1
1.7367915008195896,-0.19306865929380335,1
0.711534778751903,0.7401101324083678,0
0.7644613103910992,0.7153165322519222,0
1.7818749780436285,-0.17950775624129198,1
1.970501511842812,0.2756345809838133,1
-1.02883411807304,0.11491985260370008,0
0.02982277072883268,0.16495028359714148,1
-0.5740856198523341,0.7810321420644816,0
-0.9934125691087486,0.11856845841717223,0
0.9591857458275771,0.3164854999118703,0
0.8583822832169212,-0.5069605750510913,1
-0.027464694965163558,0.9301101104771482,0
0.333301604357224,0.9352545487439955,0
-0.7850578427606302,0.635060320291601,0
0.06712958546566508,0.9851325445365693,0
1.7794719217156716,-0.19202797289032703,1
0.8614004536553145,0.5578519853283778,0
0.3940706826514573,0.9051335397440605,0
0.007394723389668418,0.31374991306579,1
1.4751821412729684,-0.36125320662868005,1
0.9265168613016777,0.4108456995523526,0
-0.0620531095199041,0.2856447641537432,1
1.809729791618837,0.08384071279027623,1
0.26473745458928444,-0.3070347220492314,1
1.111750509778513,-0.5954055629125188,1
0.026104979931797213,0.4027243381703245,1
0.35605638968102876,0.979528940210291,0
0.39869449084608394,0.8744537755159429,0
1.9824575844948,0.374649582325423,1
-0.9327623760664369,0.26132237449996454,0
1.5306085897738255,-0.42616688424714044,1
2.0402194505951154,0.40984399830867324,1
0.038020830554364254,0.8956909720665452,0
0.15306191317555912,-0.11943951493721121,1
0.10601555736280638,0.9742890834056032,0
-0.8425757670313194,0.5867998399132772,0
0.4775194731204253,0.903914205959766,0
1.7719178866029184,-0.15628755794397775,1
-0.9815461551228934,0.08261458999452834,0
1.5951330360352405,-0.40955620558192235,1
0.4121486874607878,-0.2539969303880329,1
0.5881455746967158,-0.433280228060916,1
0.014030592475884597,0.22525736285816092,1
0.056189268159907366,0.9756583679029637,0
-0.1480682865920842,0.9765636805296,0
0.9559527120566488,0.46051298163430954,0
1.37521404121254,-0.4583013334363534,1
1.5653341280144675,-0.27937073943757157,1
-1.0347277151535053,0.2923652784575119,0
1.2289360203658564,-0.4328987376864718,1
-0.5040034078363367,0.8095231319441163,0
-0.9171337319174098,0.3906274875307327,0
0.8926050917167415,-0.5433023987517976,1
1.6575419289318065,-0.29262085808680777,1
0.08446548384580133,-0.0017502054548963891,1
0.3505193149192483,-0.13155158270538114,1
0.058694570507934,1.005414270427527,0
2.0138062442764486,0.4882700076289289,1
-0.05708635505055129,0.9514442165688991,0
0.5931305951457778,0.7937116370348922,0
0.9943307171363684,0.24919025821997437,0
1.4286338328034938,-0.4053386305828345,1
0.11953885452526047,0.11742043204860299,1
0.39697710010745474,0.879975700771102,0
1.6613368065277252,-0.2087228528661642,1
0.03794296574846656,0.24238051613812833,1
1.0240294733219015,-0.6310910324789891,1
0.6523662901296635,-0.38565945465553814,1
0.04135222587211407,0.260431588627525,1
-0.6811653776510146,0.837092024751974,0
-0.4923900039665597,0.9042619908645857,0
1.1963076467977016,-0.49409292962693235,1
1.5764068678462861,-0.22013819454636568,1
1.8416198128848196,0.01544514838255398,1
1.4018787037576212,-0.5520111042785336,1
0.7523489092455692,0.7572216468710159,0
-0.012012671779428616,0.46800560985307404,1
-0.9838817520246068,0.06148333690276484,0
1.7315099871339366,-0.2850383713172963,1
0.20687263339707987,1.0064222581849425,0
0.6219476820974024,0.8402338496389912,0
0.3738433132222367,-0.2510390398969763,1
1.7776306047080104,0.06906011344324806,1
0.38118925056103714,-0.25370172197321283,1
0.5105238357507671,-0.29177344204271927,1
-0.6067844325454016,0.764567833149418,0
0.48175839762663514,0.9371756862567537,0
0.9825999647085852,0.20980520954792165,0
-0.9636063163735314,0.3607412969279563,0
1.1387367568612543,-0.5095165720375531,1
0.5468724729496452,0.7280488502054747,0
0.2996599312321715,-0.11199155977336336,1
0.37539504326904993,-0.29157010166265934,1
0.5046996530135274,-0.3198715974057437,1
1.717343885549626,-0.13826402517286016,1
0.17353206038190264,-0.2950292245330779,1
0.48929837036800283,0.8948430180358202,0
0.9315470957654339,0.39258704425539226,0
0.9448388774655849,0.11003183068629901,0
1.9331927693778446,0.3622574815141282,1
0.025690941791732216,0.10519832076890813,1
0.13068331274089742,0.04994035626366716,1
0.5475824695408886,-0.4525979871124288,1
0.15452273841518008,-0.057783258015080656,1
2.0055418740575206,0.29648626708424264,1
-0.789085843758293,0.7172077117671247,0
0.560259069220657,-0.46671962982152915,1
1.169710022628809,-0.5399751202672561,1
-0.5930341457877693,0.772555443914666,0
-0.8344790422334889,0.4625667494724335,0
-0.5155003343826455,0.9344647270801817,0
1.9802313331321544,0.2383130245323277,1
0.5910894875150734,-0.3495046528311717,1
-1.0042103003589269,0.12233101828307329,0
-0.004390738323446459,0.5103763405003874,1
1.9814700530430578,0.42062993000191373,1
0.9844424045184178,-0.411365241639247,1
0.11253397531776003,0.9392797263471766,0
0.3362351567576611,-0.2985359742728333,1
0.6095440103060336,0.7330890194490208,0
-0.21293370782446985,0.990561362285494,0
0.664485778064533,0.7131847397117939,0
0.8786834094919946,0.2892852670667972,0
0.6557577397264944,0.7524026273525073,0
-0.4959232617956157,0.9114179419760059,0
-0.040832196311168224,0.3828635435576503,1
0.8269259078961331,0.7057171909903877,0
-0.09605969648123813,0.5141308629664163,1
0.2247769042192941,0.9947449624820496,0
1.443207131885096,-0.38335526912136536,1
0.09882556796453555,-0.10477675151529718,1
-0.3479448852573904,0.9509597769681962,0
0.8343971863274606,0.5098383029498835,0
1.498783646215625,-0.3474014910112482,1
1.3356358858985207,-0.395804937845045,1
1.3262784259928133,-0.40239205590556526,1
0.6714760595023154,-0.39636008317620625,1
1.5826662186763643,-0.3273326472951768,1
-0.9807786392432394,0.02109149170518676,0
-0.6907787348372668,0.5445681481637847,0
0.13205024582741032,0.016671569292099283,1
1.6535863411086553,-0.32998230400210127,1
0.9405545191415337,0.3367095295422863,0
0.8131775950960677,0.7169199435561343,0
0.887969791629058,-0.43902475860247214,1
1.1810658114319101,-0.4612153861317621,1
1.3852475077689785,-0.395387555302829,1
0.8220587382098549,0.5631754226935051,0
0.8045691794669073,-0.49652599772196615,1
0.02747395388031941,0.48091284457423594,1
-0.10463420049525536,1.0706761298336227,0
0.8494017160264489,0.4881148650991949,0
0.3887294885988289,-0.29799114592188225,1
-0.11342095281100553,0.9206542111049587,0
0.6586119274368339,-0.5307413523124002,1
0.4872861686901895,-0.275968935887513,1
-0.16338084877739195,0.9196757582920267,0
0.05906925911885626,0.3538017622422792,1
1.9419974613646036,0.17162746228880008,1
0.10168681421987578,0.13796657241471627,1
0.18423743897328254,-0.11456298308035502,1
0.17577832655080988,0.9699556486208718,0
0.8963140174857942,0.4597159346560965,0
-0.8724840321882323,0.5475245973795049,0
-0.677984111318026,0.7246224667996236,0
1.0418926804985602,0.15491691519225165,0
-0.5031374633182933,0.9127016529227902,0
0.7930934078191304,0.5617008664302005,0
1.920071801179604,-0.0454168011500852,1
0.8238846553862873,0.5890409951339242,0
-0.6451370802908271,0.6539327285837273,0
0.178470484925703,-0.008429179874874536,1
0.2784125101887903,-0.08316006185151113,1
-0.5966388951614549,0.8589775025045798,0
0.8577079006523993,-0.4937066370038964,1
1.475909930525058,-0.3695961827000488,1
0.5416971473957514,0.8325686316547984,0
0.4428765060177252,-0.3370510105558315,1
0.46805740398220813,0.7644115386791973,0
1.750542912115577,-0.159223185712223,1
1.0614488815369283,-0.38496097303531024,1
0.552373188715007,-0.33980487181647023,1
-0.935981757341238,0.2688718082279469,0
-0.7274720601233243,0.5324210510055772,0
0.5053669149661414,-0.24697525620061664,1
1.1504541055856052,-0.4975565379237205,1
0.9080555704822487,0.2744891342509785,0
1.9146332862221072,0.04200198981677585,1
0.7892982190143417,0.6782213771918015,0
0.6202119146434182,0.8318976345606313,0
0.6727792730255655,0.6012281494231067,0
1.3624538576775145,-0.48348534067040794,1
0.374284950862896,-0.29694670515960747,1
0.556801089015302,-0.3249364460565697,1
-0.5617346779888993,0.7316046261706981,0
-0.8571490385074281,0.33818099091071313,0
0.10217910435677247,-0.12555002641029608,1
0.6216092861734394,-0.4793278258478907,1
0.6900613261305814,-0.4958244132363742,1
-0.00841165617494842,0.27743265199158657,1
0.00015777165682695493,1.0318792742744483,0
1.5736747902274895,-0.30005179757635947,1
1.8932949982452432,-0.04312242533548423,1
0.1438913392074409,0.9680479612089062,0
0.13111603353577925,0.04250445363081846,1
0.4817217093608752,0.9241674937534289,0
0.9839979449989001,-0.025661701925306913,0
0.4993210151831143,1.0192490492634594,0
0.024830535077591167,0.3952957780116514,1
0.9658715925927317,0.20691190194358655,0
2.0027193181423653,0.43988566656104694,1
-0.5870320015732549,0.7278105692895916,0
0.8556934476866933,0.5190555226211083,0
0.11054616259964917,0.34874322260949586,1
-0.9722171649488187,0.4491466026572658,0
0.5840021580286351,-0.4540659942536023,1
-1.0175794471115083,0.16659182510262555,0
0.9692310994633605,0.3292598171758169,0
0.8077645784539883,-0.5772120927595367,1
-0.4337948761127378,0.884448508554061,0
1.9236135434783457,0.4129776104466116,1
0.14237338663235127,-0.1381867888304274,1
-1.0077781492420506,0.21453173563972366,0
0.9965737685046556,0.08270470053454831,0
0.5797617832005629,0.8464357195963654,0
1.0968759654315732,0.2512632456219112,0
0.758827955047761,0.5184544360764002,0
-0.1953913201312808,0.9670478814771477,0
-0.9789562821537642,0.11689697712675966,0
0.10985297903544207,0.17795104106134682,1
1.5846948752135157,-0.3470546217494561,1
0.7646242867227323,-0.5632469067992847,1
0.009938967241925174,0.22855406479988788,1
0.3110510529541731,1.002261318641002,0
0.4674700908344743,-0.3879673523480115,1
0.6728965076398934,0.7090852220833141,0
-0.9695489166167772,0.10639598890986503,0
-0.944408762291312,0.3256434645414528,0
1.795747628107993,-0.1862662846283949,1
0.3341542825164179,0.9365509090175255,0
1.9928167593499435,0.3829315339015825,1
1.5947988392125207,-0.1578438593532714,1
2.0162469171516424,0.5526568369655664,1
1.6781972308243522,-0.20366980039681706,1
1.4412929077750023,-0.5062946952481531,1
0.3831993748429515,-0.2818759584909514,1
-0.971239548032282,0.30407872940571656,0
1.9017652869893844,0.07314716928377227,1
0.08783274485604403,0.3837073748749674,1
0.6574467276369149,0.702294600287128,0
0.07272972626659643,1.034453706567862,0
0.29301309128357134,1.0192537485500817,0
0.6705581305895817,0.7899898070709604,0
1.957046794413804,0.4178473061019771,1
0.335160379149194,0.9115868530124843,0
-0.039030269449760874,0.9643855407149174,0
0.7625338441059011,0.6004576919151104,0
-0.16463035867924142,0.9949783364019298,0
0.5629104001630881,0.824719329303146,0
-0.8893922553035623,0.5327915587657532,0
1.0481906024536674,0.17727379784500347,0
-0.6141700964698624,0.9192903511528372,0
1.0058448515144003,-0.45892004327371194,1
0.8977990302829014,0.2742399316936705,0
0.8805144654149674,0.3930066544246623,0
1.1291444615900528,-0.5506423504977275,1
0.01943175449105612,0.9195726218766258,0
0.14116463128612042,0.05496539020403142,1
-0.9683285087523511,0.023190888649114692,0
0.003241041406995991,0.9976170459810219,0
0.507359684715438,0.8241182611173151,0
1.525309969569054,-0.20375419520333457,1
0.5128493958514146,-0.3672525553191773,1
0.3143137673884883,0.9969612827322846,0
1.716483804618945,-0.08545039143052108,1
1.9935909446435747,0.16340206693989612,1
-0.17950426746475784,0.9327198576993778,0
1.983320508949686,0.2894614827269568,1
0.10519250639889148,-0.08760042943495067,1
1.030110081240572,0.1624948174728105,0
0.6212615959865578,0.7774060290757897,0
-0.5821377478734124,0.8161542884441808,0
1.8563397439339417,-0.07446020431463435,1
-0.4992006414878043,0.8281978690909817,0
-0.8399620599859162,0.6242995330902957,0
0.8389496297800574,0.367235512891681,0
-0.6169322523661604,0.8775493376660273,0
0.4165599467240309,0.950779853004091,0
1.4212314703826958,-0.37135679036409,1
0.08227606423120257,-0.0015534732581186927,1
0.9303456076545825,0.2851770151052025,0
-0.6573070100516968,0.7752942855754327,0
0.7548705051753656,0.698990645154577,0
0.987778246146387,-0.5162129223598559,1
1.9452479119086397,0.07952131968931138,1
-0.4245917620139552,0.8472579598076693,0
0.8851173856563002,0.4130978487829603,0
0.35314416458709125,0.8999006725659235,0
0.9985925936970165,0.3391663024971166,0
0.9406004285840263,0.1774113680782603,0
0.9697762161158092,-0.4493062636626163,1
0.032663504238320026,0.39174430335228627,1
-0.03717220124178156,0.4037444668234785,1
1.5435098785637587,-0.3301903317247401,1
0.7856386711312573,-0.46657234045225554,1
1.9716700115626657,0.12049360500077383,1
0.13944883322401513,1.0305871292361248,0
-0.6591548045909089,0.6524601921359187,0
-0.7811817503299752,0.6454138253427264,0
-0.6919128955309755,0.7493828773153438,0
0.13028912069661142,0.0071761927359618284,1
1.9317269306350169,0.04114424179539511,1
2.0910029127082246,0.2469511472795536,1
-0.17582793926127643,0.9532849771019948,0
-0.8252234652427511,0.4185416953706365,0
2.051005615150588,0.5288757986883191,1
1.9563965709859725,0.3125447798717494,1
1.5398178809520204,-0.37316026220553133,1
0.3785741374477416,0.9786471625730896,0
1.7797382699051758,-0.1698983087872853,1
-0.07333499410979794,0.1623611408639214,1
-0.9171030337358417,0.4312891883782025,0
-0.6418600584106964,0.8485676618813939,0
0.7801511889370458,0.6963849317077748,0
0.14825193960703373,0.9499248418021982,0
1.9252288791270113,0.18565082852789402,1
-0.5561192611169147,0.8735157169872569,0
0.9858642589817299,0.23059827143881906,0
-0.9891724749520265,-0.05279147146967293,0
0.9053532652714545,0.49614361285586883,0
0.055274940640670435,0.5288691997683432,1
-0.3169146328434203,0.9317530915610686,0
1.592690941104086,-0.3248834978062054,1
0.2629038591601759,-0.13053983641516895,1
1.7830332720364757,-0.14590271371246016,1
0.24221377153578288,-0.2950212409601386,1
-0.27737561906633945,0.9844711436600806,0
0.684833009565511,0.7110403083888656,0
-0.7757423368720264,0.6952138895817156,0
1.4344394716964872,-0.40190573461827167,1
-0.1891935880897218,0.9818542988851209,0
0.22031879773421917,0.9744796637239657,0
-0.9413217870384666,0.4314926075928371,0
-0.8792759710690731,0.3699389719635491,0
0.10631826992359744,1.0448916491198932,0
-0.19717150496018698,0.9132559321296218,0
0.5013575096360645,-0.4136481921225444,1
1.0740529897251605,0.10701810720595353,0
0.16946483432374645,-0.05699859643014423,1
0.9390137634464152,-0.5351226682215642,1
0.8536483997119013,-0.5585986081636001,1
1.9428068130160798,0.4110931442063193,1
1.9251477007520676,-0.03836663621734093,1
0.5363267776090407,-0.47575379197403406,1
1.945619475992874,0.05578714140030217,1
0.08349562111542883,0.9469679276493423,0
-0.4786579214130212,0.9104052795151397,0
0.22332664918987793,1.0083987606022227,0
-0.047984832457525745,0.5538126110814425,1
1.7536515702233624,-0.27497835815537486,1
-0.3464869666172732,0.9891311046305798,0
0.7447691691451538,0.5911479982753088,0
-0.939989839423766,0.17703789475057152,0
1.9749728268660165,0.44798753247128076,1
0.918564649216754,0.5504044062471264,0
0.06277789244533266,0.2861355417541894,1
1.566824460393321,-0.23518378064804052,1
1.3064843226075267,-0.47480731248910657,1
0.09298031064864778,0.17596802073583817,1
0.897808172035106,0.34941853144061,0
0.3936372334734348,-0.25040122735601883,1
1.301193523267858,-0.5022120586229533,1
0.08636360270766691,1.047996799199317,0
-0.03511705019800995,0.9862231707560133,0
1.4336718764040712,-0.376392874789822,1
-0.08208508842110207,0.9938406288493339,0
-0.03704786305826273,1.0026512351530663,0
0.23075401791250452,-0.0067525743621289075,1
1.6931425787858987,-0.268567964729059,1
0.9311712797201291,0.5143304703336573,0
1.520431824900157,-0.4710190186620236,1
1.1074327602995475,-0.4381138996337798,1
0.6610177878762707,0.9087257785532281,0
1.648227301685898,-0.2642994898006877,1
0.9557472594025322,0.10872798915404638,0
1.3923498340133653,-0.47980352753078365,1
0.04004232244372766,0.4062834662696559,1
-0.14818335234184415,1.0291605418783507,0
0.4584655796814947,0.8059985290553755,0
0.5190041152886996,0.7989303890455872,0
0.9309776930495065,-0.42747021993718926,1
0.9414663511885556,0.17670740517962044,0
-0.8127920305348889,0.6278094158994215,0
-1.000035343870789,0.37026321492630354,0
-0.5052986723177316,0.8833351194043733,0
1.89239657953056,0.08740126688520031,1
2.0176249418667127,0.4234603464350497,1
0.9308563005898814,-0.4534158687187531,1
0.6134519653282293,-0.3452337045315717,1
1.3713220804916553,-0.4049377681032886,1
0.8983590692011979,0.4826347782119601,0
0.5194501040464633,-0.4135023262954334,1
0.026253669153619326,1.0089208280249404,0
0.06750965759441595,0.12117612941368838,1
-0.7737937250743905,0.5738108509017477,0
0.4183845402929266,-0.3857273485847372,1
-0.8096797119040224,0.5867635292258148,0
1.6978700188413005,-0.19758482091211982,1
0.39279077426201503,-0.3530549529725067,1
-0.9082420714362734,0.4803260597159455,0
0.010844005995561621,0.3680592879242802,1
0.21908428524022677,-0.15335064089778924,1
-0.819198703880238,0.3751452885221883,0
-0.7051838462893161,0.6178828377440363,0
0.45231432023154683,-0.4549680116338456,1
-0.940198959099865,0.1290915352343393,0
0.7472328051915865,0.6151878116969105,0
-0.8344948699861295,0.19569955823030644,0
0.4917722242344452,0.8130325348901106,0
-1.0161632589157688,0.16420458398160875,0
0.9520228024853447,-0.6004120990795714,1
0.7661377050899726,-0.4845814720528848,1
1.4456412508316547,-0.3524821240054577,1
0.04856370290378252,0.1569130342424094,1
-0.9739140540215189,0.1850531033838623,0
1.9895181905236239,0.3960482053530874,1
0.21787833995020064,1.0455314167840157,0
0.7800041981169972,0.5456451837409881,0
1.7644006500267184,-0.17539248945621527,1
0.764542323448138,0.6375431382091307,0
1.5695511620477105,-0.21968832579025827,1
-0.9082471519866938,0.41193570042754385,0
0.7710245984124371,0.6237511673294445,0
0.8259171819157222,0.5037339929082918,0
0.496789558826919,-0.3680780669965782,1
0.10939295513690517,0.05647910420426838,1
-0.08521606216853148,0.3543819020275436,1
-0.7238773563728377,0.4766062083760802,0
2.042877200964672,0.38489675284794256,1
1.5084268040935667,-0.35985293798243834,1
-0.1424261806865506,0.9756531330358095,0
0.9660691858936117,0.4179431861994744,0
-0.9949746871200634,0.020135834659748088,0
0.1261619186838887,0.9134640227440936,0
1.3863220526341233,-0.4049309684290262,1
0.0856129813411512,0.14918799531184432,1
0.08217868252917666,0.15782090816945504,1
1.9735641152791454,0.5327309799255034,1
0.22990180291252127,-0.15527102629063655,1
1.722115262166361,-0.275450934407962,1
1.9667022278341504,0.05842564869822141,1
1.9415736811503603,0.27085854190239134,1
0.8560090993797087,-0.4804882463967225,1
-0.8235496263896845,0.5090566875028812,0
0.8401535596500875,0.4307911570790047,0
0.07548661390496489,0.2022897039914065,1
0.5730321693255216,-0.31251536098297156,1
1.9371465711271767,0.200163798101085,1
-0.3345117758869802,0.9537214999651678,0
0.6374025473317445,-0.45687076283413924,1
-0.7569995520421329,0.6791649516857314,0
0.738359373932892,-0.5047705887171495,1
0.783792677098944,-0.4875548902096282,1
-0.4656920717511787,0.9065462201881215,0
-1.0266474687446765,0.20989225901018616,0
0.01414795348215914,0.9845962827583616,0
0.44331463881395616,-0.18405212619708358,1
1.163613205040086,-0.5522497715166816,1
-0.031022437612871684,1.0506953267244665,0
-0.13407318569165494,1.0248325126986257,0
1.3523978245651536,-0.3955952865303324,1
0.7086351303259819,0.6675320220626246,0
-0.9541763729959578,0.2478594896845352,0
0.01728837820902976,0.10856127583973403,1
-0.20072994386204915,0.8907983436048797,0
2.017257617306882,0.4409753915406625,1
1.627707605437789,-0.22355990705614157,1
-0.9453702270117782,0.22940584429396793,0
0.4819696446022354,0.890336060578241,0
1.0287641559166059,-0.4009329093618273,1
1.0260326735404754,-0.4356904055107992,1
-0.8630198572728779,0.5172409351604085,0
-1.0514614970444016,0.020831424969588296,0
-0.6400344244033658,0.810297200017809,0
-0.9341963054145898,0.15919992378150477,0
0.9926090984536822,0.0023236786918007474,0
0.1658453257688491,-0.11440611058626779,1
1.2131975548009502,-0.4340567705484713,1
1.2421420608448255,-0.4360883131015935,1
0.13495459955862746,1.0024195846282205,0
0.8372288518328151,0.5451791565542422,0
0.6482704441792198,0.7082341033374067,0
0.09254981915498901,0.008830711160172533,1
0.48820338258548485,0.9646536347071052,0
2.048165173730154,0.4444250274409749,1
1.3746173621102833,-0.3603450628167057,1
1.8736070277807864,-0.13596078236655756,1
0.9926767160059626,-0.5880810405225149,1
1.6260569384422765,-0.3234444103078245,1
0.020110645932710097,0.9454631584986704,0
0.4871229681138556,0.8547931203739537,0
-1.041518857618837,0.04968537902077955,0
0.9980508751011133,0.1602361314912013,0
0.08279008651699678,0.20836641291084984,1
1.8750512144286278,-0.0005246813190734681,1
-0.9415057115632155,0.35385611489054386,0
1.0783406946139829,-0.5478109578530025,1
0.9846560991489143,0.05324878218671303,0
0.8746739264318459,0.5665969848076396,0
0.10977480632227934,0.14420803375233548,1
0.12110554106012258,1.0350154968313516,0
0.3652955006086631,0.9155544943823647,0
-0.9574159790618012,0.25751245169315884,0
0.7993721006850574,-0.4315236087948822,1
1.6602602209900237,-0.2725844174121989,1
0.029415394675782486,0.9956134382515909,0
1.4737706297229034,-0.42402323378309165,1
0.5679232846487168,0.7883901342621781,0
0.15812694034701177,0.9797719000706803,0
1.6294166867345656,-0.2362176137164777,1
-0.8397481671106665,0.47378561908663475,0
-0.30961976222677784,0.9220070548758157,0
0.8723376798118103,0.2763144558984054,0
0.5919745524535123,-0.3697292061247265,1
0.48196367491502073,0.7956837351601299,0
-0.8932095744336677,0.3608692563636259,0
0.84923551279864,0.4467310261820094,0
1.9494676972017462,0.4166295541589074,1
1.953712820436651,0.10195505932501048,1
-0.7295144402949755,0.6944171396863866,0
0.8812281463937381,0.5637258781055835,0
0.5241436114784962,-0.3011241616421172,1
1.2977464657342235,-0.4703260294527674,1
0.038521830058337904,0.06637042088205478,1
-0.8727496435690901,0.34794254869823366,0
0.8832657003690781,0.5015521077796503,0
0.5579037027463803,-0.4936365164839634,1
1.4116118447362895,-0.4222614823813706,1
0.9860632846191911,0.04547102121634794,0
-0.5021384442709869,0.8256310083580402,0
0.09196844128960001,0.10391521151725783,1
0.3199232730544495,-0.3540748870536363,1
-0.8086846945218756,0.48706136963545493,0
0.2734993927098297,-0.3542108676256973,1
1.4777545204830627,-0.29797531908453295,1
-0.17532378172214177,1.0050452022212395,0
1.987778351327349,0.39161062130993907,1
-0.015158292493269901,1.0405047289513638,0
0.8434020911214823,0.5857574929416658,0
0.06876119482733863,1.0285133416183845,0
0.22288435099412734,0.992929045697345,0
1.7754188677478342,-0.04694757274441562,1
-0.8848228115179892,0.5083530351851593,0
1.2205262450763938,-0.5537339499138687,1
0.4264040516597323,0.9341647795691848,0
1.6096240020194532,-0.2476821442405025,1
1.9656229633723588,0.34217147668189335,1
0.7112894923743244,-0.47160882138010696,1
-0.14359132976826589,0.9667764736349366,0
-0.3720814356918446,0.8759994664464037,0
-0.45186751783846585,0.8435916404546148,0
-0.5632663194720344,0.7513445406789881,0
0.6458753690931915,-0.3589231144870195,1
0.11035753949606472,-0.11027821797396241,1
1.3671306374698657,-0.3259276487783367,1
-0.6204262169309629,0.6534433518955033,0
1.7941909523137798,-0.16548672583606108,1
1.3879770538674272,-0.39664639491247616,1
0.9801891072550225,-0.5224853803615882,1
0.32130680743550644,-0.21078987764744733,1
0.7894323942334867,0.572901339816325,0
0.1262332026654031,0.9813681279348865,0
0.9951016069425246,0.22247787782327,0
1.0070196112774206,-0.4587086476376259,1
1.9413485729562663,0.12576368158767967,1
1.9442895365521726,0.23926882848768116,1
-0.2999332072400371,0.8703750135562565,0
0.04844615797648669,0.12202360376651575,1
1.2512257089130667,-0.5168692774278946,1
1.7795805055084974,-0.08705153156646848,1
1.8238688780078947,-0.12687816136749114,1
-0.2902262114870463,0.9918890126519492,0
0.001253300678291448,0.2623581961955007,1
0.116220160286436,-0.0885889905435818,1
1.91455445881274,0.03749070215845773,1
0.05143556222592411,0.24871871279047408,1
0.4558648728087603,-0.4162285146823898,1
-0.6939080054538485,0.6907364104475153,0
0.299516103392792,-0.2205516074103048,1
0.13131822533968546,0.9872564363961367,0
1.4035722961095913,-0.45042897309466795,1
0.6578274119332551,-0.47230520487481514,1
1.1411163127587993,-0.4039846602520035,1
-0.3508780273570024,0.9536254556618124,0
1.1124629291368844,-0.43430323145176164,1
1.9384419144832268,0.06221362077016706,1
-0.868120176153781,0.43295434335809857,0
-0.7597648063174858,0.7350836902211024,0
-0.9837575780330344,0.364034423538056,0
-0.7464509256305696,0.5925729927677204,0
0.18676549771157416,-0.1262724890958939,1
-0.435433559897157,1.0169727947350202,0
0.056639219263938244,0.20656346033256084,1
0.2908504772122209,0.8107726209431707,0
0.20862120371970266,-0.22201977598606976,1
-0.984953795918719,0.04333446046032262,0
-1.0042820662663168,0.07960106304966544,0
0.0038115903546544552,0.17632932827012843,1
0.249701786921129,-0.18655699066061082,1
1.0979752444186366,-0.5785063118431786,1
0.6418327096339423,-0.5253339887788199,1
1.8773923456941108,-0.15993860950873856,1
-0.28069392445664304,0.9772039377466257,0
-0.770860740197433,0.6402163891932304,0
0.8317487700492873,0.5710391206662729,0
0.8070011123998397,0.623570975275693,0
0.946183721324639,-0.5194777525358818,1
0.050540321242628916,0.39988894697830785,1
0.9626435303317715,-0.4530574735643579,1
0.07056288891648518,-0.003436865092561428,1
0.24855934237963911,-0.35713346946157687,1
1.5040422453758153,-0.4517127631204225,1
-0.939617260234131,0.4354725573075337,0
-0.8235675594932725,0.5664451754813263,0
0.801722631220207,0.6188553101968965,0
0.81029976789425,0.3845360690320644,0
0.6877098380556016,-0.484897464274238,1
-0.8465442074486973,0.5068313839379324,0
1.5205209845546743,-0.3371889015706575,1
0.13792934685523964,0.931230283208312,0
-0.4464257790575368,0.8633423515028195,0
-0.4067512349914204,0.8482614707430509,0
1.878926440135029,0.08147732218363436,1
1.6019268127448973,-0.289227719098519,1
0.919166285469487,0.41390102133777107,0
0.10684181596960582,0.28782609435879436,1
-0.12617224409864675,1.0118123458143635,0
0.897388726359132,-0.4802619259537668,1
1.048660800887127,0.14185344354804044,0
0.10386576350330196,0.07760284825464224,1
1.6993054423073386,-0.24502104605965047,1
0.4444042278026628,-0.3240398616504674,1
-1.0722360807420077,0.26040255919226063,0
1.999133284586303,0.26979363521022864,1
1.9824306999737047,0.23964589693516622,1
-0.017852149796007622,0.44332384095643756,1
0.16934765918255698,-0.049796676557284564,1
-0.6621318799876256,0.7758570302957597,0
1.8747245251049895,0.22906542107179673,1
0.9212434101113067,0.3008536186296681,0
-0.5476311661170981,0.8622731307760492,0
-0.6082910453170071,0.8625757774965835,0
0.06713230271975039,0.9882018260258006,0
0.5345292240540556,0.8160742721514126,0
0.8326802573348107,0.5667791389092312,0
0.7184447515889104,-0.5506428032850345,1
1.0231447003941487,-0.581750389394294,1
0.09719562576497631,0.3046282344927705,1
-0.5626913800136363,0.8879157967548567,0
1.777133385171505,-0.14629514601123805,1
0.7956890681385128,0.7391951521057918,0
0.06821181362508973,0.2959306874830527,1
0.7419070839717207,0.5654907393803383,0
1.7257649742336962,-0.2778385813455101,1
1.8487179166483796,0.09494138096472848,1
0.8490448037155138,0.5577849091704539,0
0.7018854936813703,0.66951671171426,0
0.8780969504403464,0.49601598111491296,0
1.9003745085062762,0.04338886164587834,1
0.18884813260789715,-0.056200551673498585,1
0.6335437083136558,0.6992346165264045,0
0.31145085098794667,0.9540177806236947,0
0.9995724379741933,0.14206190948873113,0
-0.05469767946718379,0.45560986621242205,1
0.514145435843448,0.8552832746062796,0
-0.9675240429538728,0.45228280567943735,0
1.0964337050903847,0.1324056597768881,0
0.8673204453653347,-0.4322618257791089,1
1.930318992981638,0.28655844588503443,1
0.8120874748053424,-0.4678387698231225,1
0.08096400958926658,0.15234897357437616,1
0.22560724601962692,1.0484969170752527,0
0.8936823292688089,-0.5591659831088729,1
0.7051692864675712,0.7277845742504057,0
-0.26256773417298007,0.9350683969619766,0
2.038185255108412,0.44844458301222667,1
0.23574588499442795,0.0037140739724620727,1
-1.0547205792362848,0.04409807100565757,0
0.26020993731813435,-0.04127473790267057,1
0.3178343915941181,0.9969466627536162,0
0.9630200853605854,0.2886106095284657,0
-0.03894126885050546,0.2280417447810431,1
-0.7098301650376279,0.754345512066875,0
0.3357423642475554,-0.26815593117439246,1
1.8851481934807548,0.0020162618160983192,1
1.9121775752983436,-0.04631594315065344,1
1.8845498982373192,-0.030403070580496946,1
0.04628910789010666,0.2692801085808205,1
-0.9515767089104878,0.3045035764251642,0
1.460854380989091,-0.3482665159263707,1
1.8760542942649832,-0.12962166186614968,1
-0.8809841605837553,0.5282129333729323,0
1.1577111887091458,-0.536895628072114,1
0.6832288489447125,0.7617620197697996,0
0.6232660986797481,-0.47574671592665446,1
1.9594027338936288,0.016049338900857912,1
1.8852783431155913,0.10061417946155385,1
-0.9998391276662505,0.03700361560406368,0
-1.0572867585787336,0.2080774132957278,0
0.5957179808083789,-0.4597643620629701,1
1.9326131248070193,0.30513253475633695,1
0.5897567865652962,0.8860156860236866,0
0.5665801207323794,-0.373896171184344,1
0.46874004576849077,-0.29602342654978614,1
1.0342083207872783,0.32496185957548335,0
0.9716228783310921,0.09147205117006242,0
0.5785326555370731,0.8050521347866321,0
0.03728895619526201,0.2382848484960156,1
-0.9993451176980144,0.06411437640207945,0
1.1486509494400388,-0.48287987324945664,1
0.8812783822345854,0.4763031934540164,0
0.7418963417002221,0.5861284736309369,0
2.0007012252904737,0.20228941570808237,1
0.5917664625184165,0.7667823005424129,0
0.48769648991767844,0.8584028183366752,0
0.980093410362221,0.22200015618067712,0
-0.835600501057157,0.6538255153741405,0
1.75953683722065,-0.2045413704160173,1
-0.6472636720627483,0.8361261919912956,0
0.3376847173949181,0.9653162189884453,0
-0.3801721004281115,0.8966570209492283,0
0.7845207012990947,0.4564715401041185,0
2.0579709680642164,0.42475019141882564,1
1.48730981188672,-0.5279251187280642,1
0.27166897986476446,-0.1918734199390647,1
-0.8772828430794825,0.3171208095388204,0
0.9860145166321677,-0.48274222109454157,1
0.1600461321068395,-0.0938616288061906,1
0.4226743378514178,-0.16721579416210888,1
1.0379354575551007,0.07207467079851332,0
1.0451991758487709,-0.40294126249172113,1
0.8858414277538222,0.648096988103451,0
0.31744470916462647,-0.1612327656603184,1
1.1746998653081797,-0.4358419670854308,1
-0.9953661166076623,0.24908138907945565,0
0.04802965200995203,0.16953298198463396,1
0.20726557847751662,-0.09006781093160823,1
-0.8800222558047186,0.6122362440415512,0
0.5683374342857244,-0.45525897338904353,1
0.8501471721413151,0.5356062963019325,0
-1.0452921113584976,-0.023613228229204697,0
1.5730256768697677,-0.24379134389987567,1
0.47143157026290283,-0.2932860098559745,1
0.17179575474808567,0.9648500349227671,0
0.6906675078176177,0.7737881612027991,0
1.4636326255341736,-0.24474324533873015,1
-0.2543074261575995,0.9978221683140832,0
-0.7905096392712129,0.5376961967371101,0
0.7255270588523032,-0.4386493113444313,1
0.3231405374064234,0.984510015412058,0
1.663424190556393,-0.18234255381141323,1
1.4096569674413912,-0.4320841561020723,1
0.8323068457563353,0.44837765086619485,0
1.8225263654035022,0.00829665229259903,1
-0.877316090967271,0.3661908290096469,0
1.7372755706128935,-0.28089846102198734,1
0.31955102141380837,0.9353768889386928,0
-0.49682666678771803,0.9241301241927422,0
-0.29202352985954894,0.9905909291801407,0
1.384671997104968,-0.40445565631222097,1
1.2334624587964533,-0.4235398796488544,1
0.42734900642795237,0.8799256100758904,0
-0.014357712914087883,0.22001216901860524,1
1.0101398770990502,-0.4764542399752639,1
1.3932774143080808,-0.4002651251766257,1
1.004692867545587,0.08468897464082917,0
0.9541616463943945,-0.4645431945419676,1
0.22312401775358115,0.9676524980085817,0
-0.019096096578268433,0.4305587740764816,1
1.077623744805579,0.074339824020445,0
0.1782998808007841,0.06096128433305767,1
0.704289750836138,-0.4738534933306618,1
0.737981309111896,0.2517637258348457,0
-0.04255883774620928,0.42275700461489063,1
0.7159884283953472,-0.4728881401931573,1
1.9884679940125283,0.3980013787028579,1
0.8693054603643515,-0.4797780064511865,1
0.785168677352875,-0.46216490918644165,1
-0.02227760377543094,0.39964928235900865,1
-0.740458522909764,0.6575195933386886,0
0.6140873618860729,0.7765766183808045,0
1.1903379082756687,-0.5257038777480356,1
-1.034728984644151,0.10438211431369859,0
-0.7660881184682398,0.639565194701709,0
0.813289894129281,0.363550015003303,0
-0.9982219237412208,0.08659708174572397,0
0.22738083949305865,-0.14177192816586276,1
0.9445222478972108,0.5420391407951033,0
-0.021602738135752537,0.941914957789592,0
0.8650049865599475,0.5585851201835622,0
1.05906089280977,0.07114775733130274,0
1.9520471627514815,0.16664072021849333,1
-0.734287422081502,0.6633411187853512,0
-0.0047864281545597735,1.0289468390659529,0
0.08225441923140432,1.0752552290085395,0
0.7338156424240992,0.6888213352941874,0
0.23526501554467888,-0.1644973463277707,1
0.01545076271210884,1.0255121642314082,0
0.3990612804532184,-0.2755247460126251,1
0.027743902887186478,1.0212004927101657,0
0.010128081427083435,0.21756378091883133,1
1.6337325429093423,-0.27864497843964087,1
0.43358963084531665,0.86119173989059,0
1.4247744603979884,-0.4874413877186789,1
1.0010999362116537,-0.47900032490542976,1
0.7238223020669581,0.6212884551496293,0
1.6825080293052206,-0.2920421377885487,1
-0.7724515611317992,0.648629629390681,0
0.02890046265724449,0.984685694660701,0
0.20200625497465496,-0.06924817812085332,1
-1.051877750535613,0.019606566540773362,0
-0.03640486116565539,0.38775839219560604,1
0.2850764245722188,-0.30644997470781843,1
1.5162321188621064,-0.3491639327190107,1
1.0849810376542057,-0.46155727579052774,1
1.3225992008139476,-0.45350024789365934,1
0.09485268875941053,0.0635802234292055,1
0.4779118407905356,-0.3073488959343262,1
1.2082115355132486,-0.45741951582587237,1
1.9370299619861113,0.30623241772965143,1
0.7201138823238064,-0.4570932006532126,1
0.4371631858809714,-0.2749235616661362,1
0.08873634430101522,0.4604865198760545,1
0.1629012319551559,0.9092884029406869,0
0.6853046545725379,0.7455403549063461,0
0.9081831128989185,0.35273688124005464,0
-0.9350155199256638,0.4500382256396135,0
0.2253727141899028,-0.16747970434471646,1
-0.8083695435288829,0.4422219930477147,0
-0.11036241647829093,1.1135642157929342,0
0.9217775542082421,0.36811719533701537,0
0.9404532379804553,-0.5901357179599207,1
-0.26780359598729464,0.8973612921577028,0
0.02917126712591188,0.35808105424764086,1
1.0350993592053712,-0.48343157893938515,1
0.356194627347272,0.9345975924027629,0
0.9551769748088567,0.17562204604145445,0
1.8035014649309267,-0.19940110891841578,1
0.5094686013004259,0.8754718585088069,0
0.17798877162537294,0.014203182268501126,1
2.0446382347680547,0.2895833777003941,1
0.6991770252212846,-0.45467704760709693,1
-0.023890980711168824,0.9084312104897245,0
0.11228113135757106,1.0449488107202383,0
0.40389006986453835,0.9513823395054618,0
-0.01945273457746573,0.450725235783126,1
0.7711488660631075,-0.5152210335082988,1
1.9428881173479793,0.173830300423498,1
0.8948769514615452,0.5148911894250403,0
-0.039765998285689594,0.29747522382221525,1
0.9302053920196871,0.108693159954493,0
1.4050638223206269,-0.3472856617909797,1
0.12094898211378569,-0.017866465471482646,1
-0.5848378594597632,0.7756964479193784,0
-0.943084384833941,0.34100934073971023,0
0.8051487488478487,0.6614861988757925,0
0.5006783908793593,0.7301560837275315,0
-0.9911163061728909,0.14759145153430228,0
-0.6434043089800717,0.7866021194405748,0
-0.5706762008443752,0.7162256265742706,0
-0.9277589944924228,0.37494441035306736,0
-0.91085514450285,0.22978732499218996,0
1.5761279431851174,-0.2506045455884041,1
1.674313779429871,-0.2730772807195565,1
-0.1507864240871832,0.9776530423308942,0
0.2234449921533758,-0.12574779292069896,1
1.1579925868674739,-0.42678068075833847,1
-0.9343311097947103,0.3854553317517262,0
0.0415758283889181,0.3132661224755753,1
2.009947093814309,0.4107360207068131,1
1.3370601641604,-0.5000396721659665,1
0.8838152420604334,0.4190453618598626,0
0.07742650927600331,0.16470128680133497,1
-0.1973754707941997,0.9004303689862083,0
1.9507653766791295,0.28045047956119706,1
0.009683326652634716,0.45476102139072155,1
0.43463026861546206,-0.3274343570400958,1
0.8698326747792144,0.47407414361282374,0
-0.09796480753951178,0.4557929347183815,1
0.9880521443254359,0.3546647472055221,0
0.03510224769133623,0.06899618167671902,1
-0.5752767346882539,0.7639348977163756,0
0.01893891981435382,0.04884745894037532,1
0.6779764648670745,0.7376525472142417,0
0.9310748862987168,0.2945556757095281,0
-0.6544203597919885,0.7564410619539873,0
-1.0155137656793858,0.21135749370640572,0
0.24478237118216842,0.9668431242718111,0
1.9147570577451225,0.14135390151332428,1
-0.8839320777313839,0.6481525458837143,0
0.9367246927739918,-0.5437510299114157,1
-0.7991170329167432,0.6058834858156914,0
0.39918655976659423,0.977932743260073,0
0.745279693369106,-0.3414846131807014,1
1.8279273281467772,0.042686210650002936,1
-0.022346076028557163,0.42533752168534783,1
0.09097433155981535,0.09836130504527463,1
1.3908497185652349,-0.4399866423755993,1
-0.6523891652449246,0.7696478586363692,0
-0.9002804555314213,0.19560291989657436,0
